0:24:10,37.0,0.066,0.065,0.065,0.065,0.068,0.064,0.064,0.064,0.063,0.063,0.063,0.063,0.066,0.067,0.066,0.066,0.065,0.065,0.064,0.064,0.063,0.064,0.063,0.063,0.067,0.066,0.065,0.065,0.064,0.064,0.064,0.064,0.063,0.063,0.063,0.063,0.067,0.066,0.066,0.066,0.065,0.065,0.065,0.064,0.063,0.064,0.063,0.063,0.067,0.066,0.066,0.065,0.064,0.065,0.064,0.064,0.063,0.064,0.063,0.062,0.067,0.066,0.066,0.065,0.065,0.065,0.064,0.065,0.066,0.065,0.065,0.064,0.067,0.066,0.065,0.064,0.064,0.064,0.064,0.064,0.064,0.064,0.063,0.063,0.068,0.068,0.067,0.067,0.065,0.065,0.065,0.065,0.064,0.064,0.063,0.063
0:49:10,37.1,0.068,0.066,0.066,0.066,0.069,0.065,0.065,0.065,0.064,0.064,0.064,0.064,0.068,0.069,0.067,0.066,0.066,0.066,0.066,0.065,0.065,0.065,0.065,0.064,0.068,0.066,0.066,0.066,0.066,0.066,0.065,0.066,0.064,0.065,0.065,0.064,0.069,0.068,0.067,0.067,0.066,0.067,0.066,0.066,0.065,0.065,0.064,0.064,0.069,0.067,0.067,0.067,0.066,0.066,0.065,0.066,0.065,0.065,0.064,0.064,0.069,0.068,0.067,0.066,0.066,0.066,0.066,0.066,0.068,0.067,0.066,0.066,0.069,0.068,0.067,0.066,0.066,0.066,0.065,0.066,0.065,0.066,0.065,0.064,0.070,0.070,0.068,0.068,0.067,0.066,0.066,0.066,0.065,0.065,0.064,0.064
1:14:10,37.0,0.070,0.068,0.069,0.068,0.072,0.067,0.067,0.067,0.066,0.066,0.066,0.066,0.069,0.070,0.069,0.069,0.068,0.068,0.068,0.067,0.067,0.067,0.066,0.066,0.070,0.069,0.069,0.068,0.067,0.068,0.068,0.068,0.066,0.066,0.067,0.066,0.071,0.069,0.069,0.069,0.068,0.069,0.068,0.068,0.067,0.067,0.066,0.066,0.071,0.070,0.069,0.069,0.068,0.068,0.068,0.068,0.067,0.067,0.066,0.066,0.071,0.070,0.069,0.068,0.068,0.068,0.067,0.068,0.070,0.069,0.068,0.068,0.071,0.070,0.070,0.068,0.068,0.068,0.068,0.068,0.068,0.067,0.066,0.066,0.072,0.071,0.070,0.070,0.069,0.068,0.068,0.068,0.068,0.067,0.067,0.066
1:39:10,37.0,0.072,0.071,0.070,0.070,0.074,0.069,0.069,0.070,0.068,0.068,0.068,0.068,0.072,0.072,0.072,0.071,0.071,0.070,0.070,0.070,0.069,0.069,0.068,0.068,0.072,0.071,0.071,0.071,0.070,0.070,0.070,0.070,0.069,0.069,0.069,0.068,0.073,0.072,0.071,0.071,0.071,0.071,0.070,0.070,0.070,0.069,0.068,0.068,0.073,0.072,0.071,0.071,0.070,0.071,0.070,0.070,0.069,0.069,0.069,0.069,0.073,0.072,0.071,0.070,0.070,0.070,0.069,0.070,0.072,0.071,0.070,0.070,0.074,0.071,0.071,0.070,0.070,0.070,0.070,0.070,0.069,0.069,0.068,0.068,0.074,0.073,0.072,0.072,0.071,0.071,0.070,0.070,0.069,0.069,0.069,0.068
2:04:10,37.1,0.074,0.073,0.072,0.072,0.072,0.071,0.071,0.072,0.070,0.070,0.070,0.070,0.074,0.074,0.074,0.073,0.073,0.072,0.072,0.072,0.072,0.071,0.070,0.070,0.075,0.074,0.073,0.073,0.073,0.072,0.072,0.073,0.071,0.071,0.071,0.070,0.077,0.074,0.074,0.074,0.073,0.073,0.073,0.073,0.071,0.072,0.071,0.070,0.076,0.074,0.074,0.073,0.073,0.073,0.073,0.073,0.071,0.072,0.071,0.071,0.076,0.074,0.073,0.073,0.072,0.072,0.072,0.072,0.074,0.073,0.073,0.072,0.076,0.074,0.074,0.072,0.072,0.072,0.072,0.072,0.071,0.072,0.071,0.071,0.077,0.076,0.074,0.074,0.073,0.072,0.072,0.073,0.071,0.071,0.071,0.070
2:29:10,37.0,0.077,0.076,0.074,0.075,0.074,0.074,0.074,0.074,0.073,0.073,0.072,0.072,0.076,0.077,0.076,0.076,0.077,0.075,0.074,0.075,0.074,0.073,0.073,0.072,0.078,0.076,0.075,0.076,0.075,0.075,0.074,0.075,0.074,0.074,0.073,0.072,0.079,0.077,0.076,0.076,0.075,0.075,0.075,0.075,0.075,0.074,0.073,0.072,0.078,0.077,0.076,0.076,0.076,0.076,0.075,0.075,0.074,0.074,0.073,0.073,0.078,0.077,0.076,0.075,0.075,0.074,0.074,0.075,0.077,0.076,0.075,0.075,0.078,0.076,0.076,0.075,0.075,0.074,0.074,0.075,0.073,0.074,0.073,0.073,0.079,0.078,0.077,0.076,0.075,0.075,0.074,0.075,0.073,0.075,0.073,0.074
2:54:10,37.0,0.079,0.077,0.078,0.077,0.077,0.077,0.076,0.077,0.075,0.075,0.074,0.075,0.079,0.080,0.079,0.079,0.079,0.078,0.077,0.078,0.076,0.076,0.076,0.075,0.081,0.079,0.078,0.079,0.078,0.077,0.077,0.078,0.076,0.076,0.076,0.075,0.082,0.080,0.080,0.079,0.079,0.078,0.078,0.078,0.077,0.077,0.076,0.075,0.081,0.080,0.080,0.079,0.078,0.079,0.078,0.078,0.077,0.077,0.076,0.075,0.081,0.080,0.079,0.078,0.078,0.077,0.077,0.077,0.080,0.079,0.078,0.077,0.081,0.080,0.079,0.077,0.077,0.077,0.077,0.078,0.076,0.077,0.076,0.076,0.082,0.081,0.080,0.079,0.078,0.077,0.076,0.078,0.077,0.077,0.077,0.076
3:19:10,37.0,0.082,0.080,0.080,0.080,0.080,0.079,0.079,0.079,0.078,0.078,0.077,0.077,0.082,0.083,0.082,0.082,0.082,0.080,0.080,0.081,0.079,0.079,0.079,0.077,0.085,0.082,0.081,0.082,0.081,0.081,0.080,0.081,0.079,0.079,0.079,0.077,0.085,0.083,0.083,0.082,0.081,0.081,0.081,0.081,0.080,0.081,0.078,0.077,0.086,0.083,0.083,0.082,0.081,0.081,0.081,0.081,0.079,0.080,0.079,0.078,0.084,0.083,0.082,0.081,0.081,0.080,0.080,0.081,0.083,0.082,0.081,0.080,0.085,0.083,0.082,0.081,0.080,0.080,0.080,0.081,0.079,0.080,0.079,0.079,0.085,0.084,0.083,0.082,0.081,0.082,0.080,0.081,0.080,0.080,0.080,0.079
3:44:10,37.0,0.086,0.083,0.084,0.082,0.082,0.082,0.082,0.083,0.081,0.081,0.080,0.080,0.085,0.086,0.085,0.085,0.086,0.084,0.083,0.084,0.083,0.083,0.082,0.080,0.088,0.085,0.085,0.085,0.084,0.084,0.083,0.084,0.083,0.082,0.082,0.080,0.088,0.086,0.086,0.085,0.085,0.084,0.085,0.084,0.083,0.083,0.081,0.081,0.089,0.086,0.086,0.085,0.085,0.085,0.084,0.084,0.082,0.083,0.082,0.081,0.087,0.086,0.085,0.084,0.084,0.084,0.083,0.083,0.086,0.086,0.084,0.084,0.088,0.086,0.085,0.084,0.084,0.084,0.083,0.084,0.082,0.082,0.081,0.082,0.088,0.088,0.086,0.086,0.084,0.085,0.084,0.084,0.083,0.083,0.082,0.082
4:09:10,37.0,0.091,0.087,0.085,0.086,0.086,0.085,0.085,0.086,0.084,0.084,0.083,0.084,0.088,0.090,0.089,0.088,0.089,0.087,0.087,0.087,0.086,0.086,0.085,0.083,0.092,0.089,0.088,0.088,0.087,0.087,0.087,0.088,0.086,0.085,0.085,0.083,0.091,0.089,0.090,0.089,0.088,0.088,0.088,0.088,0.087,0.087,0.084,0.084,0.093,0.090,0.089,0.088,0.088,0.088,0.088,0.087,0.086,0.086,0.085,0.084,0.091,0.090,0.088,0.088,0.088,0.087,0.086,0.087,0.091,0.089,0.088,0.087,0.091,0.089,0.088,0.087,0.088,0.087,0.086,0.087,0.085,0.086,0.084,0.085,0.091,0.092,0.089,0.089,0.087,0.088,0.087,0.087,0.086,0.086,0.085,0.084
4:34:10,37.1,0.093,0.090,0.088,0.089,0.091,0.089,0.088,0.089,0.087,0.087,0.086,0.087,0.093,0.094,0.092,0.092,0.092,0.091,0.091,0.091,0.089,0.089,0.088,0.087,0.096,0.093,0.092,0.092,0.091,0.091,0.091,0.091,0.089,0.089,0.088,0.086,0.095,0.094,0.093,0.092,0.092,0.092,0.091,0.091,0.090,0.090,0.087,0.087,0.096,0.094,0.093,0.092,0.092,0.092,0.091,0.091,0.089,0.089,0.088,0.088,0.095,0.094,0.092,0.092,0.091,0.090,0.089,0.090,0.094,0.092,0.091,0.091,0.095,0.093,0.091,0.091,0.091,0.090,0.089,0.090,0.088,0.089,0.087,0.087,0.099,0.097,0.093,0.093,0.091,0.091,0.091,0.091,0.089,0.089,0.088,0.087
4:59:10,37.0,0.099,0.093,0.093,0.092,0.094,0.092,0.092,0.094,0.090,0.091,0.089,0.089,0.097,0.098,0.096,0.096,0.096,0.095,0.094,0.094,0.093,0.093,0.091,0.090,0.099,0.096,0.096,0.096,0.095,0.095,0.095,0.095,0.093,0.092,0.092,0.090,0.099,0.097,0.097,0.096,0.096,0.096,0.095,0.095,0.093,0.094,0.091,0.090,0.099,0.097,0.097,0.096,0.096,0.096,0.095,0.094,0.093,0.093,0.091,0.092,0.099,0.098,0.096,0.095,0.095,0.094,0.093,0.094,0.098,0.096,0.095,0.096,0.099,0.098,0.096,0.095,0.095,0.094,0.094,0.094,0.091,0.092,0.091,0.091,0.103,0.100,0.098,0.097,0.095,0.094,0.094,0.094,0.094,0.093,0.092,0.090
5:24:10,37.0,0.103,0.101,0.101,0.095,0.096,0.097,0.095,0.098,0.094,0.094,0.094,0.092,0.101,0.102,0.100,0.100,0.100,0.098,0.098,0.098,0.097,0.096,0.095,0.095,0.103,0.100,0.099,0.099,0.099,0.099,0.098,0.099,0.097,0.096,0.096,0.093,0.103,0.101,0.101,0.100,0.100,0.100,0.100,0.100,0.097,0.098,0.095,0.093,0.104,0.101,0.101,0.100,0.099,0.099,0.099,0.099,0.096,0.097,0.095,0.095,0.103,0.102,0.100,0.099,0.098,0.098,0.097,0.098,0.102,0.100,0.098,0.098,0.103,0.101,0.101,0.099,0.098,0.098,0.098,0.097,0.096,0.096,0.094,0.094,0.106,0.104,0.102,0.100,0.098,0.098,0.097,0.098,0.098,0.097,0.095,0.095
5:49:10,37.1,0.104,0.104,0.099,0.099,0.102,0.099,0.100,0.101,0.097,0.097,0.097,0.095,0.104,0.106,0.104,0.105,0.104,0.102,0.102,0.102,0.100,0.100,0.099,0.098,0.107,0.105,0.103,0.104,0.103,0.102,0.102,0.103,0.100,0.100,0.100,0.097,0.108,0.105,0.105,0.104,0.104,0.104,0.104,0.104,0.102,0.101,0.099,0.097,0.107,0.106,0.105,0.104,0.103,0.103,0.103,0.102,0.100,0.100,0.099,0.098,0.107,0.106,0.104,0.103,0.102,0.102,0.101,0.101,0.106,0.104,0.102,0.101,0.107,0.105,0.104,0.103,0.103,0.102,0.101,0.101,0.100,0.100,0.098,0.097,0.110,0.108,0.106,0.104,0.102,0.101,0.100,0.102,0.101,0.101,0.098,0.097
6:14:10,37.0,0.108,0.109,0.103,0.101,0.104,0.105,0.103,0.104,0.101,0.101,0.101,0.099,0.109,0.111,0.109,0.108,0.108,0.107,0.106,0.107,0.104,0.104,0.103,0.102,0.111,0.109,0.107,0.108,0.107,0.107,0.106,0.107,0.104,0.103,0.103,0.101,0.112,0.110,0.109,0.109,0.108,0.108,0.108,0.108,0.106,0.105,0.103,0.100,0.113,0.110,0.109,0.108,0.108,0.107,0.107,0.106,0.104,0.104,0.103,0.101,0.111,0.110,0.108,0.107,0.106,0.105,0.105,0.106,0.110,0.108,0.106,0.105,0.111,0.110,0.108,0.108,0.107,0.106,0.105,0.105,0.104,0.104,0.101,0.101,0.115,0.112,0.112,0.109,0.106,0.105,0.104,0.107,0.105,0.104,0.101,0.101
6:39:10,37.0,0.116,0.114,0.106,0.111,0.111,0.107,0.106,0.108,0.104,0.105,0.104,0.103,0.113,0.116,0.113,0.113,0.112,0.111,0.110,0.112,0.108,0.107,0.106,0.105,0.116,0.113,0.112,0.112,0.111,0.111,0.110,0.111,0.108,0.108,0.107,0.105,0.116,0.114,0.114,0.113,0.112,0.112,0.112,0.112,0.110,0.109,0.106,0.106,0.117,0.114,0.114,0.113,0.112,0.112,0.111,0.111,0.108,0.108,0.107,0.105,0.116,0.115,0.113,0.112,0.111,0.110,0.109,0.110,0.115,0.113,0.111,0.109,0.115,0.114,0.113,0.112,0.111,0.110,0.109,0.109,0.107,0.107,0.105,0.105,0.120,0.118,0.116,0.113,0.110,0.110,0.110,0.110,0.108,0.108,0.105,0.106
7:04:10,37.0,0.120,0.119,0.108,0.113,0.114,0.111,0.114,0.113,0.108,0.109,0.110,0.106,0.117,0.120,0.118,0.117,0.117,0.115,0.115,0.114,0.112,0.112,0.111,0.107,0.120,0.117,0.117,0.117,0.116,0.116,0.114,0.116,0.113,0.112,0.112,0.109,0.121,0.119,0.119,0.118,0.117,0.117,0.116,0.117,0.114,0.113,0.111,0.111,0.122,0.119,0.119,0.118,0.117,0.117,0.116,0.116,0.113,0.113,0.111,0.109,0.121,0.120,0.117,0.117,0.115,0.114,0.114,0.114,0.119,0.118,0.115,0.113,0.120,0.118,0.117,0.116,0.115,0.114,0.115,0.114,0.112,0.112,0.111,0.110,0.127,0.123,0.122,0.117,0.114,0.115,0.115,0.116,0.112,0.113,0.112,0.110
7:29:10,37.0,0.111,0.114,0.114,0.113,0.116,0.115,0.114,0.117,0.116,0.115,0.113,0.110,0.121,0.125,0.123,0.122,0.121,0.120,0.118,0.119,0.117,0.116,0.115,0.110,0.126,0.122,0.122,0.122,0.120,0.120,0.120,0.120,0.117,0.116,0.116,0.113,0.125,0.124,0.123,0.122,0.121,0.121,0.121,0.121,0.117,0.118,0.115,0.114,0.126,0.123,0.123,0.122,0.121,0.121,0.121,0.120,0.117,0.117,0.115,0.113,0.127,0.124,0.122,0.121,0.119,0.118,0.118,0.119,0.124,0.123,0.119,0.119,0.124,0.123,0.121,0.121,0.119,0.118,0.119,0.119,0.117,0.116,0.116,0.114,0.132,0.129,0.126,0.122,0.120,0.119,0.118,0.120,0.116,0.119,0.117,0.115
7:54:10,37.0,0.129,0.129,0.114,0.121,0.119,0.119,0.119,0.120,0.119,0.117,0.115,0.114,0.126,0.130,0.128,0.127,0.126,0.125,0.123,0.124,0.121,0.119,0.119,0.116,0.130,0.127,0.127,0.127,0.126,0.124,0.124,0.125,0.121,0.120,0.120,0.117,0.131,0.128,0.129,0.127,0.127,0.127,0.126,0.126,0.122,0.123,0.119,0.118,0.130,0.128,0.128,0.127,0.126,0.125,0.125,0.125,0.121,0.121,0.119,0.117,0.132,0.130,0.126,0.126,0.124,0.123,0.123,0.124,0.129,0.127,0.123,0.123,0.130,0.129,0.126,0.125,0.124,0.122,0.123,0.124,0.121,0.121,0.120,0.118,0.137,0.135,0.131,0.126,0.123,0.123,0.122,0.124,0.119,0.124,0.122,0.118
8:19:10,37.0,0.122,0.131,0.118,0.124,0.122,0.125,0.123,0.124,0.120,0.120,0.120,0.117,0.130,0.133,0.133,0.131,0.130,0.131,0.129,0.127,0.124,0.124,0.121,0.121,0.135,0.132,0.131,0.132,0.130,0.129,0.129,0.130,0.126,0.125,0.125,0.120,0.136,0.133,0.133,0.132,0.131,0.132,0.131,0.131,0.127,0.127,0.123,0.121,0.135,0.133,0.133,0.132,0.131,0.130,0.129,0.130,0.126,0.126,0.123,0.121,0.135,0.133,0.131,0.130,0.129,0.128,0.127,0.128,0.134,0.132,0.128,0.127,0.137,0.133,0.130,0.130,0.129,0.126,0.127,0.128,0.125,0.126,0.124,0.123,0.145,0.140,0.137,0.131,0.129,0.129,0.127,0.128,0.123,0.128,0.126,0.123
8:44:10,37.0,0.123,0.131,0.118,0.124,0.132,0.126,0.133,0.124,0.125,0.125,0.123,0.123,0.135,0.138,0.136,0.136,0.134,0.136,0.134,0.132,0.129,0.127,0.125,0.123,0.141,0.135,0.136,0.136,0.134,0.134,0.132,0.135,0.130,0.129,0.129,0.123,0.141,0.138,0.138,0.137,0.136,0.136,0.135,0.135,0.131,0.132,0.127,0.125,0.140,0.138,0.138,0.137,0.135,0.135,0.134,0.134,0.130,0.131,0.127,0.126,0.141,0.138,0.136,0.135,0.134,0.132,0.132,0.133,0.139,0.136,0.133,0.131,0.142,0.138,0.135,0.134,0.134,0.131,0.133,0.132,0.129,0.131,0.129,0.127,0.152,0.146,0.141,0.140,0.137,0.131,0.131,0.132,0.129,0.132,0.130,0.131
9:09:10,37.1,0.123,0.132,0.127,0.127,0.136,0.126,0.133,0.134,0.126,0.129,0.127,0.127,0.142,0.143,0.141,0.144,0.139,0.141,0.134,0.137,0.133,0.131,0.130,0.124,0.145,0.139,0.141,0.141,0.139,0.138,0.136,0.138,0.135,0.133,0.133,0.127,0.146,0.143,0.143,0.142,0.141,0.141,0.140,0.140,0.136,0.135,0.131,0.128,0.144,0.142,0.142,0.141,0.140,0.140,0.139,0.138,0.135,0.135,0.131,0.129,0.147,0.143,0.141,0.140,0.139,0.137,0.137,0.137,0.144,0.141,0.138,0.135,0.148,0.142,0.139,0.140,0.138,0.135,0.137,0.137,0.133,0.136,0.133,0.130,0.158,0.150,0.147,0.143,0.142,0.135,0.137,0.136,0.133,0.135,0.134,0.132
9:34:10,37.0,0.126,0.126,0.127,0.136,0.140,0.130,0.130,0.136,0.127,0.129,0.133,0.129,0.145,0.148,0.146,0.148,0.144,0.147,0.141,0.139,0.134,0.133,0.133,0.128,0.151,0.146,0.146,0.145,0.143,0.143,0.141,0.143,0.139,0.138,0.137,0.130,0.150,0.148,0.147,0.146,0.145,0.145,0.144,0.144,0.140,0.140,0.136,0.131,0.149,0.147,0.148,0.146,0.145,0.145,0.143,0.144,0.138,0.139,0.136,0.132,0.153,0.148,0.146,0.145,0.143,0.142,0.141,0.141,0.148,0.145,0.143,0.140,0.155,0.146,0.143,0.144,0.142,0.141,0.142,0.142,0.137,0.140,0.138,0.136,0.166,0.155,0.153,0.146,0.147,0.141,0.143,0.142,0.140,0.139,0.139,0.141
9:59:10,37.0,0.132,0.144,0.126,0.131,0.146,0.137,0.129,0.140,0.129,0.129,0.138,0.131,0.148,0.154,0.148,0.149,0.145,0.147,0.142,0.148,0.139,0.139,0.139,0.132,0.152,0.149,0.151,0.147,0.147,0.147,0.146,0.146,0.143,0.142,0.141,0.136,0.155,0.153,0.152,0.151,0.149,0.150,0.148,0.149,0.145,0.145,0.141,0.134,0.154,0.152,0.152,0.150,0.150,0.150,0.148,0.147,0.143,0.143,0.140,0.138,0.158,0.153,0.150,0.149,0.147,0.146,0.145,0.146,0.153,0.149,0.148,0.145,0.163,0.151,0.147,0.149,0.146,0.146,0.146,0.146,0.141,0.145,0.141,0.142,0.170,0.163,0.159,0.152,0.151,0.146,0.153,0.147,0.143,0.145,0.141,0.147
10:24:10,37.0,0.138,0.132,0.139,0.149,0.144,0.136,0.135,0.148,0.135,0.132,0.138,0.133,0.159,0.155,0.151,0.156,0.151,0.153,0.146,0.155,0.150,0.143,0.147,0.133,0.158,0.153,0.157,0.152,0.153,0.151,0.149,0.153,0.148,0.146,0.144,0.138,0.162,0.157,0.156,0.157,0.154,0.155,0.154,0.153,0.149,0.149,0.144,0.139,0.159,0.158,0.157,0.157,0.155,0.155,0.152,0.152,0.148,0.148,0.143,0.141,0.166,0.159,0.156,0.154,0.152,0.150,0.150,0.150,0.157,0.154,0.152,0.149,0.169,0.156,0.152,0.153,0.150,0.151,0.152,0.151,0.145,0.149,0.146,0.145,0.180,0.170,0.165,0.160,0.157,0.153,0.155,0.155,0.147,0.148,0.149,0.152
10:49:10,37.0,0.141,0.132,0.137,0.140,0.155,0.143,0.136,0.147,0.135,0.135,0.138,0.137,0.159,0.160,0.162,0.159,0.158,0.159,0.155,0.163,0.151,0.146,0.148,0.140,0.163,0.156,0.163,0.157,0.157,0.154,0.155,0.158,0.152,0.149,0.151,0.142,0.169,0.162,0.163,0.160,0.159,0.160,0.158,0.158,0.153,0.154,0.149,0.145,0.165,0.162,0.162,0.162,0.158,0.159,0.158,0.157,0.152,0.153,0.148,0.146,0.174,0.165,0.161,0.159,0.157,0.155,0.154,0.154,0.162,0.160,0.157,0.155,0.174,0.162,0.158,0.159,0.158,0.157,0.157,0.156,0.151,0.154,0.150,0.148,0.185,0.176,0.173,0.167,0.165,0.159,0.160,0.163,0.152,0.156,0.156,0.152
11:14:10,37.0,0.149,0.136,0.154,0.154,0.160,0.142,0.138,0.144,0.137,0.141,0.139,0.142,0.168,0.171,0.166,0.160,0.155,0.155,0.165,0.168,0.155,0.152,0.147,0.140,0.169,0.164,0.165,0.163,0.160,0.158,0.159,0.159,0.156,0.154,0.153,0.146,0.170,0.168,0.168,0.167,0.165,0.164,0.162,0.162,0.157,0.158,0.154,0.148,0.170,0.167,0.167,0.165,0.164,0.163,0.162,0.162,0.157,0.157,0.151,0.151,0.176,0.169,0.166,0.164,0.162,0.160,0.160,0.159,0.167,0.163,0.161,0.160,0.179,0.168,0.161,0.164,0.161,0.162,0.161,0.161,0.156,0.158,0.155,0.157,0.195,0.191,0.183,0.175,0.170,0.169,0.163,0.170,0.157,0.165,0.161,0.155
11:39:10,37.1,0.146,0.137,0.163,0.145,0.159,0.156,0.142,0.142,0.141,0.149,0.140,0.142,0.170,0.175,0.172,0.163,0.169,0.166,0.171,0.172,0.166,0.159,0.147,0.148,0.174,0.168,0.170,0.171,0.166,0.162,0.162,0.168,0.162,0.161,0.160,0.149,0.182,0.172,0.171,0.170,0.171,0.169,0.167,0.165,0.164,0.165,0.158,0.153,0.177,0.171,0.173,0.170,0.170,0.168,0.168,0.168,0.162,0.160,0.156,0.157,0.185,0.175,0.171,0.169,0.167,0.165,0.165,0.163,0.173,0.170,0.166,0.169,0.188,0.174,0.167,0.167,0.166,0.167,0.166,0.165,0.162,0.163,0.158,0.161,0.197,0.198,0.182,0.183,0.175,0.176,0.168,0.173,0.163,0.171,0.168,0.159
12:04:10,37.0,0.147,0.144,0.152,0.159,0.165,0.158,0.155,0.151,0.146,0.152,0.141,0.144,0.175,0.172,0.167,0.169,0.176,0.174,0.175,0.169,0.172,0.168,0.162,0.156,0.179,0.173,0.173,0.172,0.171,0.168,0.165,0.168,0.169,0.160,0.162,0.152,0.186,0.176,0.180,0.173,0.176,0.174,0.170,0.171,0.166,0.167,0.160,0.158,0.183,0.176,0.178,0.174,0.173,0.173,0.170,0.171,0.167,0.165,0.160,0.161,0.189,0.181,0.174,0.173,0.172,0.170,0.168,0.167,0.178,0.174,0.172,0.170,0.197,0.178,0.171,0.175,0.170,0.173,0.170,0.171,0.167,0.167,0.162,0.166,0.205,0.205,0.194,0.190,0.180,0.183,0.177,0.183,0.174,0.174,0.176,0.160
12:29:10,37.1,0.154,0.148,0.159,0.158,0.168,0.163,0.154,0.150,0.150,0.151,0.145,0.151,0.181,0.176,0.171,0.172,0.180,0.177,0.180,0.174,0.177,0.173,0.150,0.154,0.183,0.174,0.177,0.171,0.177,0.175,0.168,0.176,0.168,0.169,0.164,0.157,0.193,0.181,0.183,0.178,0.177,0.179,0.175,0.176,0.173,0.167,0.163,0.161,0.187,0.182,0.181,0.179,0.178,0.177,0.175,0.175,0.171,0.171,0.164,0.165,0.196,0.189,0.180,0.178,0.177,0.174,0.173,0.171,0.183,0.179,0.177,0.177,0.200,0.184,0.178,0.181,0.174,0.177,0.173,0.175,0.172,0.175,0.168,0.174,0.206,0.213,0.204,0.193,0.189,0.183,0.194,0.191,0.180,0.184,0.185,0.165
12:54:10,37.0,0.158,0.151,0.158,0.154,0.168,0.164,0.161,0.162,0.149,0.157,0.147,0.153,0.186,0.180,0.176,0.175,0.182,0.182,0.180,0.185,0.182,0.181,0.162,0.151,0.190,0.182,0.183,0.178,0.175,0.172,0.171,0.176,0.169,0.167,0.167,0.158,0.207,0.189,0.184,0.182,0.182,0.181,0.178,0.180,0.175,0.169,0.169,0.165,0.198,0.190,0.188,0.186,0.185,0.182,0.182,0.179,0.172,0.174,0.171,0.171,0.203,0.193,0.184,0.183,0.181,0.178,0.177,0.177,0.188,0.185,0.180,0.177,0.207,0.193,0.183,0.187,0.184,0.183,0.179,0.181,0.176,0.182,0.173,0.177,0.213,0.221,0.210,0.199,0.190,0.196,0.191,0.197,0.187,0.186,0.189,0.171
13:19:10,37.0,0.159,0.161,0.155,0.166,0.162,0.156,0.170,0.176,0.158,0.160,0.153,0.153,0.191,0.182,0.180,0.179,0.182,0.178,0.184,0.190,0.184,0.185,0.161,0.158,0.198,0.187,0.188,0.186,0.176,0.174,0.179,0.180,0.180,0.171,0.172,0.162,0.206,0.191,0.191,0.183,0.182,0.184,0.182,0.183,0.179,0.173,0.169,0.172,0.198,0.194,0.191,0.192,0.189,0.184,0.185,0.181,0.176,0.177,0.173,0.175,0.214,0.201,0.189,0.188,0.187,0.184,0.182,0.180,0.193,0.188,0.182,0.182,0.208,0.200,0.190,0.190,0.190,0.188,0.184,0.187,0.181,0.188,0.179,0.181,0.224,0.230,0.216,0.210,0.205,0.200,0.196,0.200,0.194,0.192,0.188,0.174
13:44:10,37.1,0.157,0.158,0.165,0.162,0.162,0.177,0.167,0.179,0.172,0.159,0.155,0.157,0.194,0.183,0.186,0.187,0.189,0.185,0.186,0.186,0.186,0.189,0.160,0.174,0.201,0.191,0.190,0.182,0.179,0.181,0.179,0.183,0.183,0.176,0.174,0.164,0.214,0.193,0.195,0.192,0.188,0.184,0.182,0.188,0.179,0.176,0.170,0.170,0.201,0.197,0.194,0.195,0.191,0.188,0.192,0.186,0.180,0.179,0.178,0.179,0.219,0.205,0.196,0.193,0.192,0.188,0.186,0.185,0.197,0.193,0.188,0.186,0.216,0.207,0.194,0.199,0.196,0.193,0.188,0.191,0.187,0.191,0.182,0.188,0.230,0.234,0.227,0.217,0.214,0.199,0.194,0.203,0.191,0.184,0.190,0.178
14:09:10,37.1,0.166,0.169,0.169,0.164,0.163,0.160,0.163,0.180,0.162,0.175,0.159,0.162,0.194,0.211,0.189,0.193,0.184,0.178,0.188,0.194,0.191,0.189,0.168,0.172,0.208,0.195,0.189,0.181,0.180,0.184,0.182,0.186,0.180,0.180,0.176,0.169,0.219,0.205,0.197,0.197,0.192,0.188,0.186,0.190,0.186,0.181,0.176,0.173,0.207,0.202,0.205,0.201,0.193,0.191,0.189,0.189,0.185,0.182,0.180,0.183,0.224,0.205,0.201,0.199,0.194,0.193,0.192,0.190,0.202,0.198,0.195,0.191,0.232,0.207,0.201,0.206,0.203,0.199,0.195,0.197,0.192,0.196,0.188,0.186,0.232,0.239,0.226,0.224,0.220,0.205,0.203,0.205,0.195,0.191,0.198,0.177
14:34:10,37.0,0.166,0.162,0.165,0.178,0.163,0.168,0.158,0.170,0.168,0.173,0.166,0.160,0.201,0.225,0.196,0.191,0.192,0.179,0.192,0.199,0.188,0.190,0.176,0.182,0.210,0.203,0.193,0.185,0.187,0.188,0.178,0.183,0.184,0.176,0.177,0.176,0.226,0.207,0.205,0.200,0.198,0.197,0.189,0.191,0.193,0.185,0.180,0.182,0.213,0.209,0.208,0.207,0.197,0.194,0.192,0.193,0.186,0.188,0.183,0.192,0.230,0.211,0.206,0.201,0.198,0.197,0.197,0.193,0.206,0.203,0.200,0.200,0.233,0.215,0.205,0.209,0.208,0.204,0.200,0.202,0.202,0.201,0.193,0.193,0.243,0.242,0.212,0.226,0.220,0.208,0.207,0.209,0.203,0.209,0.202,0.185
14:59:10,37.0,0.164,0.163,0.174,0.168,0.165,0.173,0.162,0.176,0.178,0.170,0.171,0.173,0.207,0.228,0.211,0.203,0.183,0.189,0.200,0.198,0.199,0.192,0.176,0.167,0.217,0.209,0.200,0.188,0.193,0.191,0.184,0.189,0.180,0.181,0.183,0.185,0.232,0.209,0.207,0.205,0.197,0.199,0.191,0.190,0.191,0.191,0.188,0.184,0.218,0.208,0.213,0.211,0.201,0.204,0.196,0.203,0.193,0.192,0.188,0.201,0.238,0.217,0.211,0.208,0.205,0.202,0.201,0.198,0.212,0.208,0.207,0.206,0.234,0.223,0.211,0.213,0.215,0.210,0.208,0.207,0.205,0.205,0.198,0.195,0.247,0.243,0.216,0.234,0.221,0.218,0.213,0.213,0.205,0.215,0.205,0.189
15:24:10,37.0,0.166,0.164,0.183,0.174,0.165,0.167,0.164,0.177,0.176,0.159,0.183,0.179,0.215,0.233,0.213,0.196,0.185,0.190,0.200,0.205,0.198,0.199,0.181,0.176,0.229,0.211,0.205,0.196,0.205,0.191,0.190,0.187,0.190,0.193,0.180,0.183,0.237,0.217,0.219,0.208,0.202,0.202,0.201,0.195,0.187,0.203,0.183,0.188,0.234,0.215,0.217,0.217,0.205,0.208,0.200,0.206,0.199,0.195,0.191,0.203,0.249,0.222,0.221,0.212,0.210,0.206,0.206,0.202,0.217,0.219,0.212,0.212,0.253,0.229,0.217,0.221,0.219,0.213,0.210,0.213,0.204,0.208,0.204,0.205,0.244,0.254,0.236,0.225,0.237,0.223,0.222,0.221,0.207,0.219,0.205,0.190
15:49:10,37.1,0.176,0.173,0.186,0.167,0.168,0.162,0.172,0.165,0.173,0.157,0.182,0.177,0.219,0.237,0.225,0.205,0.191,0.210,0.190,0.208,0.202,0.203,0.175,0.165,0.231,0.213,0.209,0.198,0.206,0.205,0.197,0.196,0.193,0.193,0.193,0.182,0.242,0.224,0.224,0.211,0.206,0.202,0.205,0.199,0.195,0.207,0.198,0.188,0.233,0.222,0.223,0.220,0.211,0.213,0.211,0.211,0.202,0.200,0.196,0.207,0.254,0.230,0.221,0.220,0.217,0.212,0.212,0.210,0.222,0.224,0.217,0.216,0.244,0.233,0.222,0.225,0.225,0.219,0.215,0.217,0.212,0.217,0.212,0.216,0.244,0.251,0.241,0.233,0.241,0.232,0.223,0.224,0.213,0.230,0.208,0.192
16:14:10,37.0,0.176,0.171,0.174,0.167,0.164,0.180,0.176,0.182,0.193,0.167,0.184,0.171,0.221,0.215,0.238,0.212,0.192,0.203,0.194,0.211,0.201,0.206,0.175,0.183,0.241,0.210,0.208,0.205,0.211,0.213,0.198,0.195,0.200,0.189,0.205,0.187,0.250,0.226,0.233,0.216,0.207,0.207,0.208,0.207,0.204,0.208,0.205,0.189,0.232,0.223,0.220,0.216,0.214,0.212,0.214,0.217,0.208,0.207,0.198,0.211,0.259,0.234,0.227,0.223,0.221,0.220,0.214,0.216,0.228,0.230,0.224,0.226,0.248,0.238,0.232,0.231,0.229,0.226,0.222,0.224,0.218,0.222,0.222,0.210,0.245,0.269,0.242,0.240,0.235,0.231,0.221,0.232,0.210,0.223,0.206,0.187
16:39:10,37.0,0.175,0.175,0.177,0.169,0.167,0.180,0.174,0.172,0.170,0.172,0.184,0.178,0.224,0.239,0.231,0.215,0.198,0.194,0.193,0.212,0.210,0.211,0.182,0.172,0.242,0.214,0.202,0.209,0.208,0.204,0.203,0.201,0.193,0.195,0.210,0.194,0.251,0.224,0.238,0.226,0.212,0.212,0.215,0.217,0.204,0.215,0.210,0.192,0.243,0.225,0.230,0.221,0.216,0.218,0.218,0.217,0.214,0.208,0.202,0.218,0.268,0.240,0.231,0.228,0.225,0.223,0.223,0.218,0.233,0.233,0.227,0.228,0.249,0.239,0.238,0.234,0.240,0.233,0.226,0.229,0.223,0.228,0.228,0.217,0.254,0.277,0.258,0.254,0.234,0.229,0.223,0.237,0.221,0.223,0.218,0.182
17:04:10,37.0,0.177,0.187,0.181,0.172,0.174,0.174,0.194,0.182,0.172,0.181,0.185,0.174,0.227,0.224,0.218,0.210,0.201,0.195,0.198,0.212,0.213,0.215,0.189,0.181,0.243,0.204,0.229,0.214,0.225,0.200,0.209,0.208,0.216,0.194,0.214,0.186,0.262,0.228,0.232,0.235,0.219,0.219,0.216,0.216,0.206,0.202,0.209,0.196,0.252,0.231,0.232,0.229,0.222,0.228,0.221,0.226,0.214,0.209,0.212,0.221,0.272,0.245,0.240,0.235,0.237,0.230,0.229,0.223,0.240,0.237,0.233,0.223,0.259,0.252,0.242,0.247,0.245,0.238,0.234,0.237,0.231,0.239,0.232,0.208,0.266,0.282,0.274,0.228,0.244,0.235,0.220,0.227,0.223,0.215,0.217,0.177
17:29:10,37.0,0.181,0.186,0.181,0.181,0.177,0.175,0.180,0.182,0.186,0.178,0.182,0.164,0.233,0.245,0.243,0.224,0.209,0.211,0.207,0.196,0.211,0.210,0.196,0.197,0.247,0.233,0.225,0.221,0.213,0.209,0.215,0.202,0.217,0.202,0.217,0.184,0.266,0.238,0.237,0.231,0.224,0.227,0.224,0.227,0.209,0.213,0.199,0.207,0.255,0.238,0.237,0.231,0.231,0.236,0.225,0.224,0.218,0.213,0.216,0.221,0.265,0.255,0.246,0.244,0.243,0.235,0.237,0.229,0.247,0.241,0.239,0.231,0.246,0.252,0.251,0.257,0.253,0.250,0.238,0.253,0.242,0.243,0.240,0.213,0.258,0.292,0.280,0.241,0.245,0.246,0.226,0.236,0.230,0.228,0.212,0.165
17:54:10,37.0,0.185,0.180,0.186,0.190,0.192,0.210,0.175,0.178,0.182,0.187,0.184,0.159,0.236,0.242,0.239,0.231,0.210,0.206,0.204,0.207,0.208,0.214,0.192,0.193,0.246,0.220,0.223,0.234,0.220,0.214,0.226,0.216,0.207,0.207,0.222,0.193,0.279,0.255,0.241,0.236,0.232,0.231,0.230,0.232,0.225,0.218,0.206,0.208,0.261,0.245,0.245,0.239,0.236,0.237,0.234,0.231,0.222,0.217,0.222,0.215,0.283,0.257,0.254,0.251,0.252,0.241,0.243,0.245,0.254,0.246,0.242,0.222,0.267,0.259,0.263,0.259,0.259,0.255,0.249,0.263,0.244,0.249,0.253,0.229,0.236,0.303,0.292,0.231,0.245,0.248,0.240,0.239,0.237,0.238,0.224,0.157
18:19:10,37.0,0.184,0.182,0.211,0.190,0.196,0.211,0.180,0.180,0.196,0.174,0.185,0.167,0.247,0.243,0.238,0.241,0.219,0.223,0.250,0.206,0.215,0.206,0.181,0.191,0.249,0.242,0.232,0.241,0.230,0.216,0.231,0.222,0.219,0.216,0.229,0.188,0.298,0.255,0.248,0.242,0.239,0.235,0.226,0.233,0.231,0.218,0.212,0.221,0.260,0.252,0.253,0.252,0.240,0.243,0.250,0.243,0.228,0.228,0.234,0.222,0.290,0.264,0.262,0.257,0.264,0.248,0.251,0.247,0.267,0.252,0.250,0.224,0.278,0.271,0.277,0.270,0.268,0.263,0.254,0.270,0.248,0.257,0.261,0.236,0.219,0.294,0.297,0.253,0.249,0.255,0.243,0.246,0.238,0.241,0.226,0.156
18:44:10,37.0,0.181,0.186,0.194,0.191,0.201,0.195,0.185,0.187,0.194,0.179,0.186,0.164,0.261,0.255,0.249,0.230,0.226,0.225,0.210,0.213,0.194,0.198,0.200,0.192,0.254,0.258,0.242,0.241,0.234,0.224,0.213,0.217,0.228,0.216,0.232,0.194,0.315,0.260,0.257,0.256,0.245,0.243,0.230,0.242,0.238,0.221,0.222,0.214,0.269,0.258,0.261,0.260,0.251,0.250,0.252,0.246,0.235,0.234,0.242,0.224,0.307,0.275,0.269,0.265,0.274,0.250,0.255,0.248,0.275,0.259,0.257,0.237,0.296,0.269,0.286,0.281,0.277,0.279,0.261,0.282,0.256,0.264,0.272,0.233,0.210,0.289,0.292,0.280,0.281,0.263,0.256,0.252,0.250,0.249,0.216,0.151
19:09:10,37.1,0.186,0.182,0.196,0.187,0.197,0.192,0.199,0.194,0.183,0.189,0.202,0.160,0.271,0.249,0.264,0.236,0.236,0.241,0.210,0.209,0.205,0.210,0.198,0.187,0.259,0.261,0.252,0.229,0.237,0.230,0.226,0.222,0.235,0.221,0.237,0.204,0.296,0.267,0.262,0.264,0.253,0.255,0.259,0.256,0.246,0.244,0.223,0.212,0.284,0.267,0.267,0.267,0.259,0.256,0.255,0.262,0.244,0.245,0.246,0.235,0.327,0.284,0.278,0.274,0.280,0.260,0.265,0.258,0.283,0.269,0.262,0.242,0.302,0.268,0.297,0.291,0.285,0.287,0.272,0.293,0.266,0.274,0.282,0.221,0.207,0.277,0.294,0.290,0.289,0.265,0.252,0.256,0.259,0.242,0.202,0.150
19:34:10,37.1,0.191,0.188,0.203,0.184,0.196,0.192,0.196,0.201,0.192,0.187,0.196,0.162,0.283,0.272,0.271,0.246,0.251,0.254,0.210,0.210,0.210,0.215,0.224,0.186,0.276,0.276,0.257,0.245,0.241,0.231,0.237,0.230,0.241,0.222,0.243,0.203,0.303,0.272,0.268,0.271,0.269,0.262,0.260,0.262,0.255,0.254,0.234,0.211,0.313,0.281,0.274,0.274,0.268,0.268,0.259,0.270,0.247,0.250,0.259,0.239,0.336,0.296,0.289,0.292,0.287,0.270,0.274,0.264,0.296,0.280,0.273,0.256,0.304,0.280,0.304,0.305,0.305,0.299,0.283,0.303,0.274,0.281,0.295,0.215,0.195,0.264,0.282,0.288,0.281,0.250,0.234,0.241,0.251,0.232,0.189,0.140
19:59:10,37.1,0.188,0.199,0.201,0.196,0.206,0.195,0.196,0.210,0.196,0.187,0.190,0.166,0.269,0.275,0.265,0.247,0.255,0.242,0.208,0.227,0.223,0.226,0.203,0.196,0.288,0.292,0.251,0.254,0.250,0.246,0.237,0.256,0.235,0.236,0.222,0.223,0.324,0.277,0.273,0.281,0.275,0.268,0.266,0.272,0.250,0.258,0.232,0.206,0.331,0.290,0.285,0.284,0.275,0.277,0.270,0.270,0.254,0.257,0.265,0.246,0.341,0.313,0.299,0.299,0.300,0.276,0.283,0.273,0.304,0.285,0.292,0.255,0.301,0.291,0.312,0.319,0.319,0.302,0.298,0.317,0.284,0.295,0.305,0.202,0.195,0.248,0.271,0.273,0.271,0.233,0.223,0.228,0.235,0.217,0.188,0.141
20:24:10,37.1,0.187,0.204,0.197,0.186,0.205,0.199,0.195,0.218,0.203,0.186,0.190,0.165,0.248,0.276,0.274,0.268,0.255,0.262,0.223,0.243,0.238,0.242,0.226,0.199,0.313,0.298,0.262,0.263,0.260,0.256,0.249,0.253,0.245,0.256,0.227,0.222,0.344,0.286,0.284,0.284,0.290,0.277,0.283,0.270,0.248,0.273,0.239,0.214,0.333,0.297,0.300,0.289,0.293,0.288,0.282,0.280,0.264,0.266,0.271,0.262,0.335,0.326,0.304,0.311,0.315,0.287,0.292,0.281,0.316,0.299,0.302,0.249,0.279,0.315,0.321,0.326,0.331,0.315,0.311,0.325,0.298,0.315,0.284,0.190,0.194,0.237,0.258,0.259,0.263,0.230,0.213,0.217,0.216,0.205,0.179,0.132
20:49:10,37.1,0.189,0.207,0.195,0.192,0.200,0.202,0.208,0.222,0.203,0.199,0.194,0.172,0.233,0.291,0.279,0.280,0.278,0.235,0.223,0.249,0.249,0.256,0.234,0.190,0.310,0.310,0.280,0.268,0.284,0.262,0.262,0.264,0.246,0.256,0.247,0.223,0.349,0.300,0.303,0.290,0.293,0.290,0.288,0.280,0.265,0.275,0.250,0.220,0.327,0.308,0.311,0.300,0.306,0.299,0.295,0.287,0.275,0.275,0.281,0.253,0.328,0.341,0.315,0.321,0.323,0.293,0.298,0.287,0.322,0.309,0.310,0.233,0.267,0.339,0.314,0.332,0.342,0.331,0.329,0.332,0.313,0.322,0.304,0.182,0.191,0.228,0.253,0.244,0.239,0.225,0.208,0.211,0.212,0.200,0.184,0.134
21:14:10,37.1,0.183,0.212,0.207,0.192,0.201,0.199,0.208,0.233,0.201,0.198,0.189,0.174,0.231,0.308,0.298,0.287,0.288,0.231,0.220,0.248,0.264,0.234,0.228,0.183,0.296,0.315,0.299,0.287,0.293,0.281,0.274,0.273,0.249,0.259,0.255,0.225,0.331,0.312,0.306,0.302,0.302,0.300,0.299,0.299,0.280,0.290,0.264,0.225,0.309,0.318,0.326,0.310,0.308,0.309,0.305,0.303,0.285,0.288,0.288,0.245,0.314,0.363,0.329,0.330,0.333,0.309,0.313,0.298,0.340,0.322,0.322,0.223,0.251,0.355,0.324,0.347,0.341,0.340,0.341,0.341,0.335,0.336,0.307,0.177,0.178,0.216,0.241,0.234,0.227,0.218,0.202,0.203,0.207,0.199,0.174,0.130
21:39:10,37.0,0.182,0.213,0.213,0.194,0.211,0.204,0.209,0.224,0.199,0.195,0.198,0.179,0.225,0.316,0.304,0.273,0.275,0.275,0.268,0.279,0.254,0.259,0.237,0.188,0.295,0.327,0.306,0.277,0.303,0.289,0.292,0.281,0.260,0.261,0.258,0.221,0.316,0.315,0.319,0.310,0.314,0.311,0.308,0.310,0.293,0.298,0.268,0.228,0.294,0.336,0.323,0.325,0.322,0.320,0.317,0.314,0.295,0.299,0.299,0.231,0.302,0.375,0.339,0.339,0.340,0.324,0.324,0.315,0.356,0.338,0.335,0.214,0.239,0.359,0.330,0.345,0.341,0.347,0.352,0.341,0.343,0.342,0.302,0.190,0.183,0.206,0.232,0.221,0.216,0.210,0.199,0.199,0.212,0.198,0.170,0.129
22:04:10,37.0,0.191,0.213,0.213,0.201,0.217,0.213,0.206,0.224,0.212,0.210,0.197,0.181,0.222,0.313,0.299,0.284,0.302,0.243,0.246,0.292,0.269,0.264,0.241,0.193,0.293,0.328,0.313,0.284,0.319,0.297,0.302,0.294,0.279,0.273,0.266,0.211,0.303,0.309,0.331,0.319,0.329,0.323,0.321,0.320,0.305,0.310,0.276,0.225,0.284,0.346,0.336,0.334,0.330,0.328,0.328,0.325,0.308,0.309,0.311,0.218,0.290,0.385,0.340,0.347,0.360,0.334,0.328,0.316,0.363,0.352,0.339,0.213,0.234,0.354,0.331,0.346,0.336,0.351,0.355,0.337,0.352,0.339,0.296,0.183,0.165,0.211,0.227,0.220,0.212,0.210,0.202,0.205,0.202,0.194,0.166,0.120
22:29:10,37.1,0.191,0.213,0.216,0.211,0.213,0.211,0.209,0.232,0.211,0.210,0.198,0.179,0.220,0.309,0.312,0.275,0.293,0.273,0.260,0.294,0.264,0.268,0.254,0.196,0.275,0.328,0.317,0.304,0.329,0.300,0.314,0.314,0.297,0.284,0.273,0.203,0.292,0.297,0.334,0.339,0.339,0.332,0.331,0.328,0.308,0.315,0.283,0.213,0.270,0.360,0.347,0.345,0.343,0.335,0.336,0.336,0.315,0.319,0.314,0.209,0.284,0.384,0.351,0.353,0.365,0.324,0.332,0.315,0.369,0.362,0.344,0.214,0.233,0.344,0.330,0.347,0.350,0.346,0.348,0.323,0.351,0.332,0.289,0.179,0.164,0.203,0.218,0.211,0.217,0.193,0.187,0.197,0.190,0.188,0.166,0.113
22:54:10,37.0,0.176,0.214,0.218,0.215,0.220,0.212,0.215,0.245,0.217,0.217,0.202,0.179,0.218,0.322,0.316,0.297,0.298,0.273,0.262,0.285,0.266,0.276,0.264,0.200,0.252,0.332,0.314,0.299,0.319,0.312,0.324,0.314,0.310,0.302,0.275,0.202,0.277,0.303,0.336,0.346,0.348,0.342,0.340,0.340,0.317,0.322,0.282,0.213,0.267,0.355,0.345,0.354,0.349,0.345,0.342,0.347,0.324,0.331,0.320,0.209,0.271,0.381,0.355,0.355,0.368,0.329,0.327,0.321,0.369,0.361,0.338,0.214,0.230,0.340,0.333,0.354,0.349,0.333,0.341,0.312,0.341,0.323,0.287,0.175,0.162,0.205,0.220,0.206,0.208,0.197,0.185,0.193,0.191,0.186,0.164,0.100
23:19:10,37.0,0.170,0.217,0.220,0.223,0.224,0.217,0.217,0.257,0.226,0.214,0.210,0.173,0.219,0.325,0.313,0.319,0.302,0.267,0.271,0.286,0.289,0.298,0.275,0.201,0.238,0.334,0.327,0.306,0.328,0.333,0.333,0.337,0.320,0.317,0.287,0.202,0.259,0.305,0.340,0.352,0.358,0.351,0.350,0.348,0.329,0.330,0.288,0.211,0.258,0.353,0.342,0.361,0.361,0.356,0.357,0.355,0.334,0.337,0.322,0.211,0.243,0.374,0.361,0.359,0.371,0.337,0.308,0.323,0.370,0.368,0.329,0.214,0.224,0.325,0.331,0.354,0.344,0.330,0.332,0.308,0.329,0.313,0.284,0.175,0.160,0.201,0.209,0.202,0.197,0.192,0.188,0.187,0.190,0.187,0.165,0.081
23:44:10,37.0,0.156,0.221,0.221,0.228,0.235,0.222,0.227,0.251,0.225,0.218,0.210,0.177,0.221,0.323,0.310,0.298,0.302,0.276,0.281,0.289,0.289,0.294,0.279,0.204,0.239,0.334,0.332,0.304,0.343,0.338,0.337,0.341,0.328,0.326,0.300,0.210,0.253,0.298,0.338,0.354,0.367,0.360,0.357,0.356,0.336,0.341,0.297,0.214,0.257,0.351,0.340,0.365,0.362,0.365,0.361,0.357,0.344,0.341,0.324,0.211,0.239,0.364,0.366,0.357,0.371,0.336,0.292,0.324,0.366,0.360,0.319,0.213,0.220,0.321,0.333,0.346,0.341,0.325,0.324,0.297,0.318,0.305,0.281,0.176,0.155,0.199,0.209,0.200,0.201,0.192,0.188,0.192,0.191,0.191,0.163,0.056
24:09:10,37.0,0.143,0.219,0.224,0.234,0.237,0.227,0.229,0.259,0.225,0.231,0.210,0.179,0.223,0.326,0.315,0.311,0.304,0.285,0.294,0.306,0.318,0.310,0.284,0.209,0.238,0.337,0.333,0.333,0.349,0.339,0.336,0.355,0.331,0.335,0.302,0.213,0.251,0.297,0.333,0.355,0.371,0.362,0.360,0.359,0.344,0.344,0.307,0.213,0.254,0.356,0.341,0.368,0.368,0.372,0.365,0.362,0.356,0.345,0.328,0.214,0.242,0.359,0.364,0.355,0.367,0.335,0.290,0.326,0.383,0.366,0.319,0.209,0.229,0.317,0.327,0.340,0.339,0.326,0.320,0.299,0.314,0.300,0.270,0.171,0.146,0.189,0.205,0.202,0.195,0.191,0.179,0.187,0.187,0.185,0.162,0.040
24:34:10,37.0,0.121,0.225,0.230,0.233,0.242,0.233,0.235,0.266,0.226,0.226,0.212,0.184,0.228,0.326,0.332,0.315,0.313,0.300,0.304,0.327,0.300,0.323,0.284,0.214,0.237,0.341,0.332,0.348,0.348,0.338,0.333,0.350,0.337,0.339,0.308,0.211,0.249,0.302,0.333,0.358,0.366,0.367,0.367,0.363,0.356,0.342,0.321,0.211,0.253,0.355,0.335,0.368,0.370,0.375,0.369,0.365,0.362,0.347,0.330,0.209,0.244,0.357,0.362,0.356,0.372,0.338,0.296,0.327,0.376,0.360,0.313,0.207,0.226,0.313,0.327,0.338,0.342,0.329,0.320,0.299,0.311,0.300,0.265,0.173,0.135,0.187,0.211,0.201,0.205,0.190,0.174,0.190,0.187,0.184,0.157,0.039
24:59:10,37.1,0.096,0.227,0.230,0.235,0.241,0.237,0.238,0.263,0.225,0.226,0.214,0.187,0.232,0.324,0.324,0.308,0.318,0.305,0.301,0.314,0.293,0.298,0.291,0.223,0.240,0.340,0.337,0.363,0.350,0.336,0.337,0.351,0.339,0.313,0.310,0.211,0.250,0.316,0.343,0.368,0.372,0.366,0.368,0.368,0.355,0.347,0.329,0.214,0.249,0.361,0.337,0.369,0.374,0.375,0.374,0.365,0.365,0.350,0.332,0.209,0.240,0.352,0.366,0.358,0.378,0.352,0.302,0.340,0.382,0.364,0.320,0.209,0.230,0.301,0.322,0.335,0.343,0.326,0.326,0.304,0.309,0.298,0.261,0.174,0.119,0.185,0.197,0.205,0.197,0.190,0.172,0.188,0.187,0.183,0.149,0.035
25:24:10,37.1,0.061,0.227,0.234,0.238,0.247,0.239,0.242,0.266,0.231,0.229,0.225,0.185,0.228,0.319,0.304,0.303,0.313,0.304,0.297,0.292,0.299,0.312,0.270,0.220,0.243,0.342,0.344,0.356,0.353,0.338,0.341,0.349,0.342,0.317,0.307,0.211,0.248,0.321,0.354,0.375,0.377,0.363,0.372,0.370,0.357,0.356,0.328,0.206,0.253,0.357,0.348,0.371,0.376,0.380,0.372,0.367,0.364,0.356,0.332,0.207,0.237,0.354,0.366,0.358,0.379,0.361,0.312,0.331,0.383,0.367,0.317,0.215,0.218,0.288,0.317,0.329,0.340,0.323,0.322,0.303,0.303,0.295,0.251,0.174,0.093,0.181,0.195,0.198,0.198,0.190,0.173,0.186,0.187,0.181,0.139,0.038
25:49:10,37.0,0.040,0.223,0.238,0.242,0.249,0.243,0.248,0.270,0.241,0.235,0.228,0.182,0.232,0.313,0.314,0.304,0.314,0.312,0.296,0.309,0.292,0.328,0.251,0.217,0.244,0.350,0.354,0.357,0.362,0.341,0.353,0.353,0.348,0.322,0.312,0.209,0.248,0.327,0.368,0.383,0.381,0.370,0.377,0.378,0.360,0.350,0.325,0.215,0.246,0.350,0.355,0.377,0.379,0.378,0.374,0.372,0.367,0.363,0.336,0.207,0.247,0.349,0.364,0.360,0.381,0.368,0.324,0.337,0.383,0.364,0.316,0.212,0.217,0.267,0.308,0.322,0.334,0.313,0.320,0.298,0.302,0.290,0.236,0.166,0.063,0.186,0.192,0.198,0.203,0.185,0.173,0.184,0.185,0.178,0.124,0.038
26:14:10,37.0,0.038,0.218,0.238,0.245,0.252,0.247,0.254,0.269,0.245,0.247,0.225,0.172,0.233,0.309,0.324,0.307,0.322,0.329,0.313,0.324,0.282,0.321,0.253,0.221,0.243,0.349,0.355,0.363,0.364,0.346,0.355,0.363,0.346,0.324,0.319,0.211,0.248,0.335,0.380,0.381,0.382,0.382,0.385,0.379,0.365,0.352,0.332,0.211,0.242,0.342,0.359,0.380,0.385,0.385,0.378,0.380,0.368,0.369,0.337,0.213,0.237,0.342,0.369,0.362,0.383,0.374,0.348,0.354,0.383,0.367,0.318,0.213,0.225,0.254,0.289,0.315,0.325,0.303,0.316,0.298,0.299,0.285,0.229,0.162,0.042,0.169,0.188,0.192,0.195,0.176,0.168,0.175,0.183,0.170,0.104,0.038
26:39:10,37.0,0.038,0.204,0.240,0.244,0.258,0.253,0.257,0.271,0.242,0.254,0.228,0.145,0.231,0.306,0.338,0.311,0.356,0.315,0.329,0.307,0.292,0.317,0.255,0.228,0.246,0.345,0.357,0.364,0.366,0.353,0.361,0.363,0.356,0.331,0.323,0.221,0.246,0.344,0.381,0.386,0.385,0.385,0.390,0.380,0.366,0.354,0.336,0.218,0.247,0.337,0.369,0.382,0.389,0.387,0.383,0.387,0.372,0.371,0.337,0.218,0.246,0.329,0.362,0.362,0.382,0.378,0.358,0.374,0.382,0.368,0.314,0.215,0.229,0.247,0.273,0.303,0.312,0.291,0.308,0.293,0.292,0.278,0.228,0.156,0.042,0.165,0.189,0.191,0.191,0.178,0.158,0.169,0.178,0.159,0.083,0.038
27:04:10,37.0,0.038,0.198,0.239,0.247,0.261,0.258,0.259,0.275,0.249,0.256,0.236,0.134,0.225,0.306,0.347,0.318,0.355,0.317,0.329,0.331,0.299,0.320,0.257,0.231,0.252,0.345,0.359,0.361,0.368,0.354,0.360,0.372,0.367,0.342,0.322,0.220,0.249,0.358,0.380,0.387,0.391,0.388,0.390,0.393,0.372,0.368,0.348,0.223,0.250,0.336,0.372,0.382,0.393,0.390,0.387,0.389,0.378,0.379,0.338,0.215,0.251,0.323,0.356,0.365,0.380,0.378,0.369,0.386,0.381,0.370,0.316,0.216,0.221,0.245,0.270,0.297,0.302,0.293,0.301,0.295,0.288,0.278,0.236,0.146,0.034,0.157,0.190,0.195,0.183,0.168,0.146,0.158,0.169,0.144,0.054,0.038
27:29:10,37.0,0.038,0.186,0.233,0.250,0.263,0.264,0.267,0.280,0.257,0.257,0.240,0.119,0.221,0.308,0.353,0.326,0.362,0.321,0.335,0.332,0.304,0.329,0.281,0.230,0.255,0.346,0.365,0.357,0.362,0.354,0.361,0.386,0.371,0.367,0.326,0.220,0.256,0.350,0.381,0.386,0.391,0.392,0.390,0.392,0.380,0.372,0.354,0.227,0.254,0.333,0.368,0.384,0.391,0.392,0.388,0.393,0.379,0.388,0.339,0.215,0.249,0.315,0.354,0.368,0.379,0.382,0.373,0.389,0.381,0.371,0.315,0.221,0.224,0.252,0.270,0.294,0.293,0.298,0.289,0.291,0.287,0.276,0.244,0.136,0.045,0.145,0.175,0.182,0.177,0.158,0.133,0.144,0.159,0.130,0.044,0.038
27:54:10,37.0,0.041,0.170,0.227,0.248,0.266,0.267,0.272,0.286,0.265,0.258,0.241,0.102,0.218,0.308,0.350,0.332,0.370,0.352,0.342,0.334,0.321,0.340,0.304,0.231,0.253,0.348,0.375,0.368,0.361,0.354,0.370,0.392,0.372,0.371,0.330,0.228,0.261,0.350,0.386,0.388,0.399,0.399,0.394,0.397,0.382,0.381,0.357,0.225,0.258,0.334,0.375,0.386,0.393,0.394,0.392,0.396,0.384,0.391,0.342,0.218,0.250,0.308,0.355,0.375,0.379,0.384,0.374,0.393,0.384,0.371,0.319,0.214,0.215,0.261,0.269,0.289,0.292,0.296,0.293,0.294,0.287,0.272,0.248,0.121,0.057,0.128,0.169,0.176,0.170,0.148,0.114,0.127,0.144,0.111,0.044,0.039
28:19:10,37.1,0.040,0.151,0.221,0.246,0.267,0.269,0.277,0.291,0.274,0.270,0.246,0.082,0.215,0.311,0.344,0.335,0.379,0.360,0.350,0.333,0.348,0.340,0.284,0.233,0.255,0.345,0.384,0.368,0.367,0.358,0.372,0.389,0.377,0.366,0.330,0.234,0.263,0.349,0.386,0.389,0.408,0.401,0.398,0.399,0.388,0.383,0.358,0.227,0.262,0.334,0.381,0.390,0.398,0.395,0.397,0.403,0.391,0.391,0.343,0.223,0.255,0.301,0.358,0.376,0.382,0.387,0.376,0.400,0.388,0.374,0.319,0.211,0.211,0.258,0.271,0.292,0.292,0.296,0.293,0.295,0.285,0.278,0.248,0.102,0.064,0.107,0.158,0.167,0.158,0.134,0.093,0.109,0.126,0.091,0.036,0.040
28:44:10,37.0,0.040,0.131,0.210,0.244,0.269,0.268,0.281,0.291,0.279,0.281,0.251,0.057,0.199,0.309,0.343,0.342,0.394,0.360,0.361,0.350,0.346,0.334,0.306,0.235,0.256,0.349,0.391,0.383,0.377,0.363,0.381,0.387,0.379,0.374,0.333,0.235,0.267,0.348,0.389,0.394,0.411,0.404,0.405,0.408,0.392,0.388,0.366,0.231,0.265,0.335,0.385,0.395,0.401,0.399,0.405,0.406,0.399,0.395,0.342,0.229,0.254,0.297,0.352,0.376,0.383,0.391,0.374,0.403,0.397,0.375,0.319,0.206,0.201,0.265,0.278,0.295,0.297,0.299,0.297,0.295,0.287,0.280,0.256,0.081,0.069,0.081,0.146,0.151,0.141,0.114,0.070,0.088,0.104,0.065,0.035,0.040
29:09:10,37.1,0.039,0.108,0.198,0.237,0.270,0.269,0.283,0.296,0.284,0.290,0.255,0.043,0.181,0.315,0.348,0.351,0.404,0.351,0.356,0.366,0.346,0.325,0.318,0.243,0.254,0.349,0.399,0.385,0.385,0.363,0.390,0.396,0.387,0.387,0.339,0.239,0.269,0.351,0.397,0.403,0.418,0.409,0.412,0.417,0.397,0.399,0.370,0.239,0.266,0.336,0.389,0.402,0.411,0.405,0.410,0.413,0.406,0.404,0.346,0.218,0.257,0.296,0.348,0.378,0.385,0.394,0.375,0.408,0.411,0.383,0.321,0.200,0.188,0.270,0.283,0.298,0.300,0.303,0.297,0.299,0.294,0.282,0.261,0.052,0.068,0.051,0.128,0.136,0.123,0.092,0.046,0.061,0.084,0.051,0.045,0.041
29:34:10,37.0,0.040,0.085,0.184,0.227,0.271,0.268,0.284,0.299,0.290,0.288,0.260,0.043,0.167,0.321,0.348,0.359,0.410,0.349,0.348,0.379,0.367,0.331,0.327,0.242,0.249,0.348,0.404,0.381,0.391,0.366,0.398,0.406,0.392,0.391,0.340,0.242,0.269,0.355,0.400,0.409,0.425,0.413,0.417,0.422,0.403,0.403,0.374,0.240,0.269,0.335,0.396,0.409,0.421,0.408,0.416,0.419,0.414,0.410,0.349,0.217,0.242,0.292,0.343,0.381,0.390,0.393,0.369,0.412,0.421,0.388,0.328,0.192,0.171,0.279,0.284,0.304,0.303,0.302,0.301,0.302,0.296,0.282,0.267,0.044,0.067,0.043,0.105,0.116,0.100,0.064,0.049,0.047,0.055,0.057,0.037,0.041
29:59:10,37.0,0.040,0.056,0.167,0.218,0.266,0.266,0.285,0.304,0.292,0.293,0.262,0.036,0.145,0.325,0.347,0.368,0.414,0.359,0.358,0.391,0.377,0.351,0.322,0.241,0.241,0.352,0.411,0.384,0.398,0.372,0.407,0.412,0.400,0.399,0.348,0.241,0.265,0.360,0.414,0.419,0.435,0.419,0.424,0.428,0.412,0.407,0.383,0.238,0.270,0.338,0.410,0.420,0.430,0.413,0.421,0.426,0.420,0.417,0.354,0.214,0.243,0.294,0.345,0.389,0.395,0.398,0.376,0.418,0.437,0.395,0.329,0.181,0.151,0.283,0.290,0.304,0.306,0.305,0.307,0.306,0.297,0.290,0.269,0.045,0.065,0.045,0.078,0.091,0.084,0.046,0.041,0.049,0.048,0.041,0.046,0.042
30:24:10,37.1,0.040,0.041,0.152,0.201,0.262,0.261,0.287,0.307,0.298,0.296,0.265,0.037,0.124,0.327,0.350,0.377,0.421,0.370,0.378,0.405,0.388,0.361,0.317,0.234,0.234,0.351,0.413,0.394,0.402,0.391,0.413,0.418,0.404,0.407,0.352,0.238,0.263,0.364,0.422,0.425,0.441,0.420,0.430,0.434,0.414,0.421,0.389,0.235,0.268,0.338,0.420,0.424,0.439,0.419,0.423,0.431,0.425,0.425,0.362,0.208,0.234,0.300,0.343,0.394,0.405,0.402,0.381,0.423,0.446,0.409,0.330,0.164,0.127,0.286,0.295,0.306,0.308,0.311,0.310,0.305,0.302,0.298,0.273,0.035,0.064,0.037,0.049,0.066,0.049,0.051,0.034,0.038,0.051,0.037,0.052,0.042

